"Num.of.Individuals","Num.of.Markers","Type","accuracy","SD"
10,10,"T",0.95,0
10,20,"T",0.9,0
10,30,"T",0.9,0
10,40,"T",1,0
10,50,"T",1,0
10,60,"T",1,0
10,70,"T",1,0
10,80,"T",1,0
10,90,"T",1,0
10,100,"T",1,0
20,10,"T",0.95,0
20,20,"T",0.925,0
20,30,"T",0.925,0
20,40,"T",1,0
20,50,"T",1,0
20,60,"T",1,0
20,70,"T",1,0
20,80,"T",1,0
20,90,"T",1,0
20,100,"T",1,0
30,10,"T",0.916666666666667,0
30,20,"T",0.916666666666667,0
30,30,"T",0.933333333333333,0
30,40,"T",1,0
30,50,"T",0.983333333333333,0
30,60,"T",0.983333333333333,0
30,70,"T",1,0
30,80,"T",0.983333333333333,0
30,90,"T",1,0
30,100,"T",1,0
40,10,"T",0.9,0
40,20,"T",0.9375,0
40,30,"T",0.95,0
40,40,"T",0.9875,0
40,50,"T",0.9875,0
40,60,"T",0.9875,0
40,70,"T",1,0
40,80,"T",0.9875,0
40,90,"T",1,0
40,100,"T",1,0
50,10,"T",0.89,0
50,20,"T",0.92,0
50,30,"T",0.95,0
50,40,"T",0.99,0
50,50,"T",0.98,0
50,60,"T",0.99,0
50,70,"T",1,0
50,80,"T",0.99,0
50,90,"T",1,0
50,100,"T",1,0
10,10,"R",0.68,0.112857618729367
10,20,"R",0.7175,0.0877721332110657
10,30,"R",0.7325,0.10166379058342
10,40,"R",0.755,0.115735633415579
10,50,"R",0.77,0.0923380516876639
10,60,"R",0.785,0.0828759377179624
10,70,"R",0.8,0.0842927230423525
10,80,"R",0.8325,0.0730446871154191
10,90,"R",0.8425,0.0712205617855731
10,100,"R",0.8375,0.0666392487478979
20,10,"R",0.65375,0.0816261535745035
20,20,"R",0.69875,0.0671188066828241
20,30,"R",0.72,0.0728191704082611
20,40,"R",0.73625,0.066626907003418
20,50,"R",0.7575,0.0556658262359081
20,60,"R",0.78,0.0565452776193789
20,70,"R",0.79125,0.0569365990887186
20,80,"R",0.82,0.0576970308457987
20,90,"R",0.8375,0.054107592618295
20,100,"R",0.845,0.051041778553404
30,10,"R",0.640833333333333,0.0624722160466377
30,20,"R",0.685,0.0592102014286084
30,30,"R",0.7275,0.0612432118210014
30,40,"R",0.738333333333333,0.063545351489361
30,50,"R",0.761666666666667,0.045914999014515
30,60,"R",0.7825,0.0491075320862527
30,70,"R",0.783333333333333,0.0455633996955108
30,80,"R",0.8125,0.0411369841139128
30,90,"R",0.8325,0.0406363850443624
30,100,"R",0.834166666666667,0.0402750049458943
40,10,"R",0.63875,0.0465769030178783
40,20,"R",0.680625,0.0518529994564594
40,30,"R",0.7225,0.0437922728103342
40,40,"R",0.741875,0.0546030833426677
40,50,"R",0.765625,0.0360178592396956
40,60,"R",0.7925,0.0337853129099177
40,70,"R",0.794375,0.0323109379394396
40,80,"R",0.816875,0.0260550404255865
40,90,"R",0.84,0.0273861278752583
40,100,"R",0.83875,0.0308594010243061
50,10,"R",0.628,0.0334978396789688
50,20,"R",0.6695,0.0381789415640005
50,30,"R",0.715,0.0395367916596281
50,40,"R",0.738,0.0531730046269029
50,50,"R",0.7605,0.0330031896385151
50,60,"R",0.7885,0.0349849591742087
50,70,"R",0.797,0.0332613257323529
50,80,"R",0.815,0.0296470465379108
50,90,"R",0.837,0.0321345854018278
50,100,"R",0.836,0.0315227570260965
